id,first_name,last_name,email,gender,ip_address
1,Catherina,Devey,cdevey0@answers.com,Female,226.70.40.252
2,Ulrike,Mosson,umosson1@auda.org.au,Female,179.59.241.4
3,Celesta,Tripean,ctripean2@storify.com,Female,204.117.32.72
4,Erminie,Lode,elode3@bloomberg.com,Female,110.228.180.37
5,Carmelle,Gapper,cgapper4@google.de,Female,69.134.16.127
6,Jessamyn,Dani,jdani5@slideshare.net,Female,251.46.145.192
7,Fanya,Crompton,fcrompton6@gov.uk,Female,177.80.38.39
8,Jamey,Vowell,jvowell7@salon.com,Male,221.173.101.109
9,Hyatt,Vuitton,hvuitton8@admin.ch,Male,152.246.82.112
10,Sylvia,Alberts,salberts9@uol.com.br,Female,21.144.106.248
11,Xavier,Connaughton,xconnaughtona@ehow.com,Male,173.9.37.89
12,Rhody,Tardiff,rtardiffb@wisc.edu,Female,129.7.223.216
13,Nester,Craighill,ncraighillc@youtube.com,Male,114.159.38.104
14,Saunder,Quiney,squineyd@ifeng.com,Male,235.151.118.151
15,Derick,Lackham,dlackhame@cnn.com,Polygender,188.231.221.134
16,Nevins,Bessell,nbessellf@google.cn,Male,196.237.237.45
17,Tobin,Haily,thailyg@newyorker.com,Male,41.133.42.53
18,Dietrich,Tourry,dtourryh@si.edu,Male,88.223.224.125
19,Jennette,Thickett,jthicketti@163.com,Polygender,84.197.211.43
20,Fianna,Radborn,fradbornj@soundcloud.com,Female,202.191.14.68
21,Katine,Brownlee,kbrownleek@rakuten.co.jp,Female,64.121.188.210
22,Thorsten,Hoston,thostonl@typepad.com,Male,113.237.154.4
23,Quinlan,Gooke,qgookem@home.pl,Male,101.165.33.186
24,Jodie,Pinching,jpinchingn@timesonline.co.uk,Female,16.157.244.38
25,Gabie,Tofano,gtofanoo@ocn.ne.jp,Male,247.209.144.194
26,Guillema,Perone,gperonep@usa.gov,Female,59.181.34.92
27,Selie,Mulvaney,smulvaneyq@indiatimes.com,Female,228.186.17.181
28,Berkly,Clissett,bclissettr@livejournal.com,Male,103.28.52.193
29,Elizabet,Samson,esamsons@princeton.edu,Female,165.209.39.178
30,Tiler,Kerby,tkerbyt@toplist.cz,Male,171.5.159.89
31,Baryram,Boxhall,bboxhallu@timesonline.co.uk,Male,155.88.150.98
32,Dulciana,Joselovitch,djoselovitchv@house.gov,Female,62.7.237.59
33,Essie,Slowley,eslowleyw@ihg.com,Female,72.173.95.135
34,Frederik,Gilhooley,fgilhooleyx@facebook.com,Male,5.223.60.172
35,Yevette,Pilcher,ypilchery@ameblo.jp,Female,39.241.187.18
36,Elle,Ciccottini,eciccottiniz@bloomberg.com,Female,246.100.184.158
37,Romola,Bartomeu,rbartomeu10@uol.com.br,Female,158.8.40.219
38,Kitti,Fray,kfray11@aol.com,Female,122.197.3.202
39,Ola,Hexter,ohexter12@hao123.com,Female,240.116.110.159
40,Marieann,Dabes,mdabes13@over-blog.com,Female,204.187.51.122
41,Lorenzo,Juszczyk,ljuszczyk14@wp.com,Male,116.12.89.68
42,Art,Callicott,acallicott15@icio.us,Male,115.97.18.66
43,Irma,Buckney,ibuckney16@cafepress.com,Female,219.252.117.119
44,Reade,Heinlein,rheinlein17@nifty.com,Male,118.143.172.64
45,Ailene,Capaldi,acapaldi18@canalblog.com,Female,95.110.80.189
46,Che,Simeoli,csimeoli19@reverbnation.com,Agender,152.30.134.115
47,Eugenie,Beamson,ebeamson1a@mapquest.com,Female,96.169.86.91
48,Carmon,Fullbrook,cfullbrook1b@qq.com,Female,90.125.89.152
49,Tory,Courson,tcourson1c@squidoo.com,Female,110.27.213.17
50,Loella,Heckle,lheckle1d@smugmug.com,Female,8.10.246.64
51,Mirelle,Tomsett,mtomsett1e@bravesites.com,Female,217.131.115.252
52,Kirbie,Flint,kflint1f@tuttocitta.it,Female,45.121.0.253
53,Joelynn,Gethyn,jgethyn1g@quantcast.com,Female,29.50.19.83
54,Berty,Gargett,bgargett1h@etsy.com,Female,120.82.96.143
55,Terrye,Haseman,thaseman1i@howstuffworks.com,Female,48.163.140.244
56,Phillida,Standage,pstandage1j@wordpress.com,Female,207.0.182.224
57,Hieronymus,Tregido,htregido1k@barnesandnoble.com,Male,242.238.55.74
58,Quill,Skains,qskains1l@harvard.edu,Male,207.42.173.38
59,Nerissa,Flade,nflade1m@reference.com,Female,87.188.3.179
60,Brett,Picken,bpicken1n@wiley.com,Male,103.118.0.219
61,Vincenz,Cheltnam,vcheltnam1o@zdnet.com,Male,179.221.221.81
62,Sigismund,Pitchers,spitchers1p@blogs.com,Male,150.102.64.138
63,Coralie,Cutchie,ccutchie1q@prlog.org,Female,87.202.118.238
64,Gradey,Dooman,gdooman1r@merriam-webster.com,Male,3.28.202.129
65,Barb,Kidder,bkidder1s@icq.com,Female,249.12.58.126
66,Esra,Hallagan,ehallagan1t@loc.gov,Male,135.40.17.87
67,Zonda,Fuster,zfuster1u@dmoz.org,Female,164.238.38.140
68,Marlin,Gaunson,mgaunson1v@amazon.com,Agender,241.60.190.238
69,Hartwell,McGooch,hmcgooch1w@facebook.com,Male,210.248.247.83
70,Maryjo,Yendle,myendle1x@paypal.com,Agender,77.220.94.192
71,Marten,Sare,msare1y@t.co,Male,255.254.36.43
72,Adriane,Fitzsimons,afitzsimons1z@time.com,Female,4.149.34.246
73,Eduino,Wolfindale,ewolfindale20@macromedia.com,Polygender,212.220.54.50
74,Fancy,Petrelluzzi,fpetrelluzzi21@bloglines.com,Female,107.11.218.17
75,Buckie,Rickerby,brickerby22@booking.com,Male,235.235.37.157
76,Devland,Huskinson,dhuskinson23@dropbox.com,Male,191.233.218.246
77,Nike,Armor,narmor24@infoseek.co.jp,Female,73.175.227.238
78,Aymer,Guillem,aguillem25@tripod.com,Male,40.47.214.125
79,Nat,Evelyn,nevelyn26@feedburner.com,Female,93.12.0.70
80,Skip,Malarkey,smalarkey27@google.ru,Male,210.73.28.180
81,Sean,Gurrado,sgurrado28@sfgate.com,Male,194.232.103.202
82,Wayland,Stonestreet,wstonestreet29@theglobeandmail.com,Male,252.221.92.32
83,Maudie,Buckingham,mbuckingham2a@google.es,Female,34.21.247.63
84,Vick,Hay,vhay2b@163.com,Male,18.165.134.169
85,Normand,Cutbush,ncutbush2c@seattletimes.com,Male,3.227.173.153
86,Gregorius,Bilam,gbilam2d@stumbleupon.com,Male,193.188.231.80
87,Adiana,Wren,awren2e@amazon.co.jp,Female,16.244.12.128
88,Austin,Andreopolos,aandreopolos2f@issuu.com,Female,103.64.62.157
89,Garfield,Addess,gaddess2g@prlog.org,Bigender,11.178.136.210
90,Odessa,Budding,obudding2h@netvibes.com,Female,233.205.185.27
91,Salomi,Legerwood,slegerwood2i@google.ca,Female,111.49.120.207
92,Leah,McOnie,lmconie2j@g.co,Agender,46.206.55.142
93,Eloisa,Dilon,edilon2k@hugedomains.com,Genderqueer,43.43.177.105
94,Broddy,Mycroft,bmycroft2l@sitemeter.com,Male,87.154.165.114
95,Maddie,Grevatt,mgrevatt2m@cafepress.com,Female,250.192.236.7
96,Ulrick,Lapre,ulapre2n@blogtalkradio.com,Male,12.74.81.75
97,Zaneta,Daniello,zdaniello2o@webmd.com,Female,255.136.9.84
98,Brana,Larrett,blarrett2p@shutterfly.com,Female,148.79.55.93
99,Adria,Andreoletti,aandreoletti2q@fastcompany.com,Female,73.129.116.56
100,Cyrill,Sweedy,csweedy2r@is.gd,Male,214.102.96.117
